Datetime,Water Level (m)
2025-03-22 18:00:00,-1.1587363
2025-03-22 19:00:00,-1.17908
2025-03-22 20:00:00,-0.9500464
2025-03-22 21:00:00,-0.59603465
2025-03-22 22:00:00,-0.26326233
2025-03-22 23:00:00,-0.010876311
2025-03-23 00:00:00,0.10608641
2025-03-23 01:00:00,0.059903454
2025-03-23 02:00:00,-0.14610943
2025-03-23 03:00:00,-0.44578415
2025-03-23 04:00:00,-0.7506344
2025-03-23 05:00:00,-1.0054728
2025-03-23 06:00:00,-1.1738467
2025-03-23 07:00:00,-1.1658661
2025-03-23 08:00:00,-0.9122773
2025-03-23 09:00:00,-0.503217
2025-03-23 10:00:00,-0.058110707
2025-03-23 11:00:00,0.33120736
2025-03-23 12:00:00,0.6190474
2025-03-23 13:00:00,0.75589436
2025-03-23 14:00:00,0.68366295
2025-03-23 15:00:00,0.42002824
2025-03-23 16:00:00,0.05034366
2025-03-23 17:00:00,-0.3761052
2025-03-23 18:00:00,-0.8116229
2025-03-23 19:00:00,-1.1659358
2025-03-23 20:00:00,-1.3659236
2025-03-23 21:00:00,-1.3402073
2025-03-23 22:00:00,-1.096674
2025-03-23 23:00:00,-0.71302044
2025-03-24 00:00:00,-0.30065152
2025-03-24 01:00:00,0.019768087
2025-03-24 02:00:00,0.19549724
2025-03-24 03:00:00,0.21337205
2025-03-24 04:00:00,0.06553702
2025-03-24 05:00:00,-0.23992759
2025-03-24 06:00:00,-0.6276102
2025-03-24 07:00:00,-0.99586856
2025-03-24 08:00:00,-1.2405431
2025-03-24 09:00:00,-1.2780887
2025-03-24 10:00:00,-1.0228782
2025-03-24 11:00:00,-0.52747715
2025-03-24 12:00:00,0.05316375
2025-03-24 13:00:00,0.5608339
2025-03-24 14:00:00,0.8944884
2025-03-24 15:00:00,1.0252562
2025-03-24 16:00:00,0.89181805
2025-03-24 17:00:00,0.5019842
2025-03-24 18:00:00,-0.04847355
2025-03-24 19:00:00,-0.6503895
2025-03-24 20:00:00,-1.1901721
2025-03-24 21:00:00,-1.5766201
2025-03-24 22:00:00,-1.7088066
2025-03-24 23:00:00,-1.4757508
2025-03-25 00:00:00,-0.92016107
2025-03-25 01:00:00,-0.27701154
2025-03-25 02:00:00,0.26329258
2025-03-25 03:00:00,0.5802941
2025-03-25 04:00:00,0.6742337
2025-03-25 05:00:00,0.5344135
2025-03-25 06:00:00,0.15048821
2025-03-25 07:00:00,-0.3910604
2025-03-25 08:00:00,-0.9465812
2025-03-25 09:00:00,-1.3768126
2025-03-25 10:00:00,-1.5720763
2025-03-25 11:00:00,-1.3578448
2025-03-25 12:00:00,-0.6867395
2025-03-25 13:00:00,0.1185419
2025-03-25 14:00:00,0.8362881
2025-03-25 15:00:00,1.2571032
2025-03-25 16:00:00,1.3918393
2025-03-25 17:00:00,1.2023144
2025-03-25 18:00:00,0.69912016
2025-03-25 19:00:00,-0.007478553
2025-03-25 20:00:00,-0.76211447
2025-03-25 21:00:00,-1.426403
2025-03-25 22:00:00,-1.9055308
2025-03-25 23:00:00,-2.0323675
2025-03-26 00:00:00,-1.5846703
2025-03-26 01:00:00,-0.73044556
2025-03-26 02:00:00,0.12124127
2025-03-26 03:00:00,0.7930996
2025-03-26 04:00:00,1.1106952
2025-03-26 05:00:00,1.137425
2025-03-26 06:00:00,0.82802963
2025-03-26 07:00:00,0.21786207
2025-03-26 08:00:00,-0.51059955
2025-03-26 09:00:00,-1.2100044
2025-03-26 10:00:00,-1.752839
2025-03-26 11:00:00,-1.9702568
2025-03-26 12:00:00,-1.544987
2025-03-26 13:00:00,-0.57166284
2025-03-26 14:00:00,0.418321
2025-03-26 15:00:00,1.2355821
2025-03-26 16:00:00,1.6424464
2025-03-26 17:00:00,1.7125987
2025-03-26 18:00:00,1.3915092
2025-03-26 19:00:00,0.6993444
2025-03-26 20:00:00,-0.16496511
2025-03-26 21:00:00,-1.018477
2025-03-26 22:00:00,-1.7523658
2025-03-26 23:00:00,-2.2443583
2025-03-27 00:00:00,-2.2371113
2025-03-27 01:00:00,-1.3835242
2025-03-27 02:00:00,-0.2806565
2025-03-27 03:00:00,0.70609844
2025-03-27 04:00:00,1.3827848
2025-03-27 05:00:00,1.6004071
2025-03-27 06:00:00,1.4492608
2025-03-27 07:00:00,0.9088842
2025-03-27 08:00:00,0.08630234
2025-03-27 09:00:00,-0.77117723
2025-03-27 10:00:00,-1.5428686
2025-03-27 11:00:00,-2.0998921
2025-03-27 12:00:00,-2.2176306
2025-03-27 13:00:00,-1.4355469
2025-03-27 14:00:00,-0.2264592
2025-03-27 15:00:00,0.8933394
2025-03-27 16:00:00,1.724464
2025-03-27 17:00:00,2.0414903
2025-03-27 18:00:00,1.9437829
2025-03-27 19:00:00,1.3934056
2025-03-27 20:00:00,0.49568197
2025-03-27 21:00:00,-0.46563417
2025-03-27 22:00:00,-1.3624586
2025-03-27 23:00:00,-2.1031232
2025-03-28 00:00:00,-2.529696
2025-03-28 01:00:00,-2.178365
2025-03-28 02:00:00,-0.8586135
2025-03-28 03:00:00,0.35174796
2025-03-28 04:00:00,1.3657297
2025-03-28 05:00:00,1.8916494
2025-03-28 06:00:00,1.9771929
2025-03-28 07:00:00,1.6081829
2025-03-28 08:00:00,0.8204926
2025-03-28 09:00:00,-0.12998272
2025-03-28 10:00:00,-1.0587178
2025-03-28 11:00:00,-1.8638101
2025-03-28 12:00:00,-2.4008486
2025-03-28 13:00:00,-2.3324482
2025-03-28 14:00:00,-1.1023296
2025-03-28 15:00:00,0.1931576
2025-03-28 16:00:00,1.3379918
2025-03-28 17:00:00,2.0382016
2025-03-28 18:00:00,2.2273743
